{"../hestia/archive.php":"bfa58d716548fb5688994835f7b2cbd5","../hestia/attachment.php":"c63f2ea9313aabed00b59e2cfccf69bc","../hestia/comments.php":"855e78090f5ec2f312007cf74a19eb15","../hestia/footer.php":"e9fb477c62d82f8057e2824f48d8f906","../hestia/front-page.php":"b5caa2981a34dd411ce2bb313bd5bc58","../hestia/functions.php":"1e04ccb5274bf4b8fa95c0d9dd432cf8","../hestia/header.php":"4d508cc562dd980a0c04955e08224ad3","../hestia/index.php":"670a34d8c61b94deb86350b1e4dabf03","../hestia/page.php":"c2243d01dbe8706403cdb0fe73d591a4","../hestia/search.php":"de914167c6227766136582972da1436b","../hestia/sidebar-woocommerce.php":"6e39b1550d39875f3cb0ea0983757f66","../hestia/sidebar.php":"e1c4dedf2db7a8993cdde19597ddaa98","../hestia/single-jetpack-portfolio.php":"f1a1852f5825c4e73e77c7d4b1d257b4","../hestia/single.php":"32741e7b68e15ac3778781d083f58861","../hestia/editor-style.css":"5ededdbbbd3f84a15654398d00a902b2","../hestia/style-rtl.css":"fa9cc0e0344529eba063c1d8587d1e0e","../hestia/style.css":"f8315d45d672b343a45994f40b28570a"}